Step,cam-flight_only-learned_grad-detached_depth-depth_20260510_024509 - collision_rate,cam-flight_only-learned_grad-detached_depth-depth_20260510_024509 - collision_rate__MIN,cam-flight_only-learned_grad-detached_depth-depth_20260510_024509 - collision_rate__MAX,cam-fixed_grad-detached_depth-zero_20260509_164843 - collision_rate,cam-fixed_grad-detached_depth-zero_20260509_164843 - collision_rate__MIN,cam-fixed_grad-detached_depth-zero_20260509_164843 - collision_rate__MAX,cam-fixed_random_static_grad-detached_depth-depth_20260509_163917 - collision_rate,cam-fixed_random_static_grad-detached_depth-depth_20260509_163917 - collision_rate__MIN,cam-fixed_random_static_grad-detached_depth-depth_20260509_163917 - collision_rate__MAX,cam-learned_grad-detached_depth-depth_20260509_154546 - collision_rate,cam-learned_grad-detached_depth-depth_20260509_154546 - collision_rate__MIN,cam-learned_grad-detached_depth-depth_20260509_154546 - collision_rate__MAX,cam-fixed_grad-detached_depth-depth_20260509_154520 - collision_rate,cam-fixed_grad-detached_depth-depth_20260509_154520 - collision_rate__MIN,cam-fixed_grad-detached_depth-depth_20260509_154520 - collision_rate__MAX,cam-learned_grad-full_depth-depth_20260509_154244 - collision_rate,cam-learned_grad-full_depth-depth_20260509_154244 - collision_rate__MIN,cam-learned_grad-full_depth-depth_20260509_154244 - collision_rate__MAX
25,0.8512500214576721,0.8512500214576721,0.8512500214576721,0.17958333786576985,0.17958333786576985,0.17958333786576985,0.1912500047683716,0.1912500047683716,0.1912500047683716,0.1858333383873105,0.1858333383873105,0.1858333383873105,0.18791667092591524,0.18791667092591524,0.18791667092591524,0.1858333383873105,0.1858333383873105,0.1858333383873105
50,0.6450000166893005,0.6450000166893005,0.6450000166893005,0.8087500166893006,0.8087500166893006,0.8087500166893006,0.8075000143051148,0.8075000143051148,0.8075000143051148,0.8050000143051147,0.8050000143051147,0.8050000143051147,0.8100000166893006,0.8100000166893006,0.8100000166893006,0.80541668176651,0.80541668176651,0.80541668176651
75,0.5858333480358123,0.5858333480358123,0.5858333480358123,0.9870833492279053,0.9870833492279053,0.9870833492279053,0.9862500238418579,0.9862500238418579,0.9862500238418579,0.9837500190734864,0.9837500190734864,0.9837500190734864,0.9820833539962769,0.9820833539962769,0.9820833539962769,0.9854166841506958,0.9854166841506958,0.9854166841506958
100,0.575833351612091,0.575833351612091,0.575833351612091,0.9866666889190674,0.9866666889190674,0.9866666889190674,0.9912500143051147,0.9912500143051147,0.9912500143051147,0.9887500143051148,0.9887500143051148,0.9887500143051148,0.986666693687439,0.986666693687439,0.986666693687439,0.9850000190734863,0.9850000190734863,0.9850000190734863
125,0.4912500166893005,0.4912500166893005,0.4912500166893005,0.9841666865348816,0.9841666865348816,0.9841666865348816,0.9862500166893006,0.9862500166893006,0.9862500166893006,0.9758333516120911,0.9758333516120911,0.9758333516120911,0.9791666913032532,0.9791666913032532,0.9791666913032532,0.9787500190734864,0.9787500190734864,0.9787500190734864
150,0.5216666841506958,0.5216666841506958,0.5216666841506958,0.9816666793823242,0.9816666793823242,0.9816666793823242,0.9800000214576721,0.9800000214576721,0.9800000214576721,0.9641666913032532,0.9641666913032532,0.9641666913032532,0.9704166889190674,0.9704166889190674,0.9704166889190674,0.9695833563804627,0.9695833563804627,0.9695833563804627
175,0.5470833516120911,0.5470833516120911,0.5470833516120911,0.9737500190734864,0.9737500190734864,0.9737500190734864,0.9716666889190674,0.9716666889190674,0.9716666889190674,0.965833351612091,0.965833351612091,0.965833351612091,0.9575000166893005,0.9575000166893005,0.9575000166893005,0.9637500143051148,0.9637500143051148,0.9637500143051148
200,0.5191666841506958,0.5191666841506958,0.5191666841506958,0.9737500190734864,0.9737500190734864,0.9737500190734864,0.9645833516120911,0.9645833516120911,0.9645833516120911,0.9454166865348816,0.9454166865348816,0.9454166865348816,0.9475000214576721,0.9475000214576721,0.9475000214576721,0.9433333516120911,0.9433333516120911,0.9433333516120911
225,0.5225000154972076,0.5225000154972076,0.5225000154972076,0.9691666865348816,0.9691666865348816,0.9691666865348816,0.9391666889190674,0.9391666889190674,0.9391666889190674,0.9191666889190674,0.9191666889190674,0.9191666889190674,0.9254166889190674,0.9254166889190674,0.9254166889190674,0.9216666865348816,0.9216666865348816,0.9216666865348816
250,0.4687500154972076,0.4687500154972076,0.4687500154972076,0.9666666889190674,0.9666666889190674,0.9666666889190674,0.9183333563804627,0.9183333563804627,0.9183333563804627,0.9104166936874389,0.9104166936874389,0.9104166936874389,0.9120833516120911,0.9120833516120911,0.9120833516120911,0.9137500262260437,0.9137500262260437,0.9137500262260437
275,0.5245833492279053,0.5245833492279053,0.5245833492279053,0.9775000238418579,0.9775000238418579,0.9775000238418579,0.9041666865348816,0.9041666865348816,0.9041666865348816,0.9012500190734863,0.9012500190734863,0.9012500190734863,0.9070833516120911,0.9070833516120911,0.9070833516120911,0.9129166889190674,0.9129166889190674,0.9129166889190674
300,0.4825000178813934,0.4825000178813934,0.4825000178813934,0.9658333492279053,0.9658333492279053,0.9658333492279053,0.8879166841506958,0.8879166841506958,0.8879166841506958,0.8833333539962769,0.8833333539962769,0.8833333539962769,0.8670833468437195,0.8670833468437195,0.8670833468437195,0.8900000190734864,0.8900000190734864,0.8900000190734864
325,0.4720833432674408,0.4720833432674408,0.4720833432674408,0.9675000166893005,0.9675000166893005,0.9675000166893005,0.8787500166893005,0.8787500166893005,0.8787500166893005,0.8566666865348815,0.8566666865348815,0.8566666865348815,0.8787500166893005,0.8787500166893005,0.8787500166893005,0.8491666865348816,0.8491666865348816,0.8491666865348816
350,0.4412500143051147,0.4412500143051147,0.4412500143051147,0.9712500166893006,0.9712500166893006,0.9712500166893006,0.8637500166893005,0.8637500166893005,0.8637500166893005,0.8529166936874389,0.8529166936874389,0.8529166936874389,0.8537500238418579,0.8537500238418579,0.8537500238418579,0.8750000238418579,0.8750000238418579,0.8750000238418579
375,0.4391666781902313,0.4391666781902313,0.4391666781902313,0.9687500214576721,0.9687500214576721,0.9687500214576721,0.8725000214576721,0.8725000214576721,0.8725000214576721,0.8379166913032532,0.8379166913032532,0.8379166913032532,0.8458333539962769,0.8458333539962769,0.8458333539962769,0.8387500166893005,0.8387500166893005,0.8387500166893005
400,0.4625000154972077,0.4625000154972077,0.4625000154972077,0.97041668176651,0.97041668176651,0.97041668176651,0.8620833444595337,0.8620833444595337,0.8620833444595337,0.8579166865348816,0.8579166865348816,0.8579166865348816,0.8608333516120911,0.8608333516120911,0.8608333516120911,0.8587500143051148,0.8587500143051148,0.8587500143051148
425,0.417916676402092,0.417916676402092,0.417916676402092,0.9670833539962769,0.9670833539962769,0.9670833539962769,0.8525000214576721,0.8525000214576721,0.8525000214576721,0.8308333563804626,0.8308333563804626,0.8308333563804626,0.8245833587646484,0.8245833587646484,0.8245833587646484,0.825833351612091,0.825833351612091,0.825833351612091
450,0.3920833444595337,0.3920833444595337,0.3920833444595337,0.9675000190734864,0.9675000190734864,0.9675000190734864,0.8225000166893005,0.8225000166893005,0.8225000166893005,0.8354166889190674,0.8354166889190674,0.8354166889190674,0.8195833516120911,0.8195833516120911,0.8195833516120911,0.8025000214576721,0.8025000214576721,0.8025000214576721
475,0.3737500083446503,0.3737500083446503,0.3737500083446503,0.9625000166893005,0.9625000166893005,0.9625000166893005,0.7987500214576722,0.7987500214576722,0.7987500214576722,0.7775000214576722,0.7775000214576722,0.7775000214576722,0.8262500190734863,0.8262500190734863,0.8262500190734863,0.8045833563804626,0.8045833563804626,0.8045833563804626
500,0.3925000113248825,0.3925000113248825,0.3925000113248825,0.9645833539962768,0.9645833539962768,0.9645833539962768,0.8533333539962769,0.8533333539962769,0.8533333539962769,0.7720833492279052,0.7720833492279052,0.7720833492279052,0.7950000214576721,0.7950000214576721,0.7950000214576721,0.7908333492279053,0.7908333492279053,0.7908333492279053
525,0.3983333444595337,0.3983333444595337,0.3983333444595337,0.9645833563804627,0.9645833563804627,0.9645833563804627,0.7691666865348816,0.7691666865348816,0.7691666865348816,0.7637500214576721,0.7637500214576721,0.7637500214576721,0.7429166889190674,0.7429166889190674,0.7429166889190674,0.7783333539962769,0.7783333539962769,0.7783333539962769
550,0.4058333444595337,0.4058333444595337,0.4058333444595337,0.9741666865348816,0.9741666865348816,0.9741666865348816,0.8237500190734863,0.8237500190734863,0.8237500190734863,0.7875000214576722,0.7875000214576722,0.7875000214576722,0.7695833444595337,0.7695833444595337,0.7695833444595337,0.7666666913032532,0.7666666913032532,0.7666666913032532
575,0.3804166775941848,0.3804166775941848,0.3804166775941848,0.9625000190734864,0.9625000190734864,0.9625000190734864,0.7908333539962769,0.7908333539962769,0.7908333539962769,0.7358333516120911,0.7358333516120911,0.7358333516120911,0.7516666865348816,0.7516666865348816,0.7516666865348816,0.805833351612091,0.805833351612091,0.805833351612091
600,0.3720833420753479,0.3720833420753479,0.3720833420753479,0.9591666865348816,0.9591666865348816,0.9591666865348816,0.7316666865348815,0.7316666865348815,0.7316666865348815,0.7237500166893005,0.7237500166893005,0.7237500166893005,0.75416668176651,0.75416668176651,0.75416668176651,0.772500011920929,0.772500011920929,0.772500011920929
625,0.3658333456516266,0.3658333456516266,0.3658333456516266,0.9625000214576721,0.9625000214576721,0.9625000214576721,0.7575000214576721,0.7575000214576721,0.7575000214576721,0.7145833563804627,0.7145833563804627,0.7145833563804627,0.72166668176651,0.72166668176651,0.72166668176651,0.7316666865348815,0.7316666865348815,0.7316666865348815
650,0.3550000089406967,0.3550000089406967,0.3550000089406967,0.9641666841506958,0.9641666841506958,0.9641666841506958,0.7250000166893006,0.7250000166893006,0.7250000166893006,0.7129166841506958,0.7129166841506958,0.7129166841506958,0.7154166841506958,0.7154166841506958,0.7154166841506958,0.7291666865348816,0.7291666865348816,0.7291666865348816
675,0.3804166752099991,0.3804166752099991,0.3804166752099991,0.9708333468437195,0.9708333468437195,0.9708333468437195,0.7141666913032532,0.7141666913032532,0.7141666913032532,0.6875000238418579,0.6875000238418579,0.6875000238418579,0.6962500214576721,0.6962500214576721,0.6962500214576721,0.7800000190734864,0.7800000190734864,0.7800000190734864
700,0.4250000131130218,0.4250000131130218,0.4250000131130218,0.9687500214576721,0.9687500214576721,0.9687500214576721,0.7025000190734864,0.7025000190734864,0.7025000190734864,0.6570833516120911,0.6570833516120911,0.6570833516120911,0.7083333563804627,0.7083333563804627,0.7083333563804627,0.7554166841506958,0.7554166841506958,0.7554166841506958
725,0.3629166758060455,0.3629166758060455,0.3629166758060455,0.9583333539962768,0.9583333539962768,0.9583333539962768,0.7112500238418579,0.7112500238418579,0.7112500238418579,0.6825000166893005,0.6825000166893005,0.6825000166893005,0.7037500190734863,0.7037500190734863,0.7037500190734863,0.7033333563804627,0.7033333563804627,0.7033333563804627
750,0.3441666746139526,0.3441666746139526,0.3441666746139526,0.9683333539962768,0.9683333539962768,0.9683333539962768,0.7120833563804626,0.7120833563804626,0.7120833563804626,0.700000011920929,0.700000011920929,0.700000011920929,0.7016666889190674,0.7016666889190674,0.7016666889190674,0.7004166841506958,0.7004166841506958,0.7004166841506958
775,0.3616666775941849,0.3616666775941849,0.3616666775941849,0.9683333492279053,0.9683333492279053,0.9683333492279053,0.7100000190734863,0.7100000190734863,0.7100000190734863,0.6691666841506958,0.6691666841506958,0.6691666841506958,0.6850000190734863,0.6850000190734863,0.6850000190734863,0.6900000166893006,0.6900000166893006,0.6900000166893006
800,0.3429166752099991,0.3429166752099991,0.3429166752099991,0.9666666865348816,0.9666666865348816,0.9666666865348816,0.6650000190734864,0.6650000190734864,0.6650000190734864,0.6375000214576722,0.6375000214576722,0.6375000214576722,0.6729166841506958,0.6729166841506958,0.6729166841506958,0.7033333539962768,0.7033333539962768,0.7033333539962768
825,0.3995833453536033,0.3995833453536033,0.3995833453536033,0.9687500166893005,0.9687500166893005,0.9687500166893005,0.6825000214576721,0.6825000214576721,0.6825000214576721,0.6445833551883697,0.6445833551883697,0.6445833551883697,0.6591666865348816,0.6591666865348816,0.6591666865348816,0.6745833539962769,0.6745833539962769,0.6745833539962769
850,0.4645833450555801,0.4645833450555801,0.4645833450555801,0.9620833539962769,0.9620833539962769,0.9620833539962769,0.7008333468437195,0.7008333468437195,0.7008333468437195,0.6354166829586029,0.6354166829586029,0.6354166829586029,0.6766666865348816,0.6766666865348816,0.6766666865348816,0.6800000262260437,0.6800000262260437,0.6800000262260437
875,0.3816666769981384,0.3816666769981384,0.3816666769981384,0.9620833539962769,0.9620833539962769,0.9620833539962769,0.6558333587646484,0.6558333587646484,0.6558333587646484,0.6337500190734864,0.6337500190734864,0.6337500190734864,0.6295833563804627,0.6295833563804627,0.6295833563804627,0.6450000202655792,0.6450000202655792,0.6450000202655792
900,0.3420833426713943,0.3420833426713943,0.3420833426713943,0.9650000190734863,0.9650000190734863,0.9650000190734863,0.6500000178813934,0.6500000178813934,0.6500000178813934,0.5941666841506958,0.5941666841506958,0.5941666841506958,0.6104166781902314,0.6104166781902314,0.6104166781902314,0.6433333563804626,0.6433333563804626,0.6433333563804626
925,0.3216666740179062,0.3216666740179062,0.3216666740179062,0.9633333468437195,0.9633333468437195,0.9633333468437195,0.6383333504199982,0.6383333504199982,0.6383333504199982,0.5937500178813935,0.5937500178813935,0.5937500178813935,0.6116666901111603,0.6116666901111603,0.6116666901111603,0.6404166865348816,0.6404166865348816,0.6404166865348816
950,0.2937500065565109,0.2937500065565109,0.2937500065565109,0.9583333516120911,0.9583333516120911,0.9583333516120911,0.6441666865348816,0.6441666865348816,0.6441666865348816,0.5554166829586029,0.5554166829586029,0.5554166829586029,0.5975000250339508,0.5975000250339508,0.5975000250339508,0.6045833539962768,0.6045833539962768,0.6045833539962768
975,0.3470833444595337,0.3470833444595337,0.3470833444595337,0.9625000190734864,0.9625000190734864,0.9625000190734864,0.6491666913032532,0.6491666913032532,0.6491666913032532,0.5845833539962768,0.5845833539962768,0.5845833539962768,0.5908333480358123,0.5908333480358123,0.5908333480358123,0.623333351612091,0.623333351612091,0.623333351612091
1000,0.3545833420753479,0.3545833420753479,0.3545833420753479,0.9658333563804626,0.9658333563804626,0.9658333563804626,0.6354166793823243,0.6354166793823243,0.6354166793823243,0.5841666805744171,0.5841666805744171,0.5841666805744171,0.6154166841506958,0.6154166841506958,0.6154166841506958,0.60916668176651,0.60916668176651,0.60916668176651
1025,0.3779166802763939,0.3779166802763939,0.3779166802763939,0.965833351612091,0.965833351612091,0.965833351612091,0.5891666865348816,0.5891666865348816,0.5891666865348816,0.5400000178813934,0.5400000178813934,0.5400000178813934,0.5658333444595337,0.5658333444595337,0.5658333444595337,0.5912500166893006,0.5912500166893006,0.5912500166893006
1050,0.3654166746139527,0.3654166746139527,0.3654166746139527,0.9629166913032532,0.9629166913032532,0.9629166913032532,0.6237500190734864,0.6237500190734864,0.6237500190734864,0.5679166865348816,0.5679166865348816,0.5679166865348816,0.5675000202655792,0.5675000202655792,0.5675000202655792,0.6125000190734863,0.6125000190734863,0.6125000190734863
1075,0.3912500143051147,0.3912500143051147,0.3912500143051147,0.96541668176651,0.96541668176651,0.96541668176651,0.6091666889190673,0.6091666889190673,0.6091666889190673,0.55541668176651,0.55541668176651,0.55541668176651,0.5829166865348816,0.5829166865348816,0.5829166865348816,0.6158333444595336,0.6158333444595336,0.6158333444595336
1100,0.4220833486318588,0.4220833486318588,0.4220833486318588,0.9670833492279053,0.9670833492279053,0.9670833492279053,0.5987500166893005,0.5987500166893005,0.5987500166893005,0.5445833504199982,0.5445833504199982,0.5445833504199982,0.5533333528041839,0.5533333528041839,0.5533333528041839,0.54166668176651,0.54166668176651,0.54166668176651
1125,0.3629166775941849,0.3629166775941849,0.3629166775941849,0.9629166841506958,0.9629166841506958,0.9629166841506958,0.5829166793823242,0.5829166793823242,0.5829166793823242,0.5350000119209289,0.5350000119209289,0.5350000119209289,0.5591666805744171,0.5591666805744171,0.5591666805744171,0.5704166829586029,0.5704166829586029,0.5704166829586029
1150,0.4570833438634873,0.4570833438634873,0.4570833438634873,0.97041668176651,0.97041668176651,0.97041668176651,0.5816666793823242,0.5816666793823242,0.5816666793823242,0.5291666877269745,0.5291666877269745,0.5291666877269745,0.5491666793823242,0.5491666793823242,0.5491666793823242,0.5995833492279052,0.5995833492279052,0.5995833492279052
1175,0.3679166793823242,0.3679166793823242,0.3679166793823242,0.9637500262260437,0.9637500262260437,0.9637500262260437,0.6012500190734863,0.6012500190734863,0.6012500190734863,0.5054166829586029,0.5054166829586029,0.5054166829586029,0.5520833539962768,0.5520833539962768,0.5520833539962768,0.5241666805744171,0.5241666805744171,0.5241666805744171
1200,0.3270833450555801,0.3270833450555801,0.3270833450555801,0.9695833492279052,0.9695833492279052,0.9695833492279052,0.5887500166893005,0.5887500166893005,0.5887500166893005,0.5258333480358124,0.5258333480358124,0.5258333480358124,0.5491666805744171,0.5491666805744171,0.5491666805744171,0.5420833480358124,0.5420833480358124,0.5420833480358124
1225,0.3266666769981384,0.3266666769981384,0.3266666769981384,0.960833351612091,0.960833351612091,0.960833351612091,0.5550000190734863,0.5550000190734863,0.5550000190734863,0.4979166769981384,0.4979166769981384,0.4979166769981384,0.5208333480358124,0.5208333480358124,0.5208333480358124,0.5137500143051148,0.5137500143051148,0.5137500143051148
1250,0.3112500104308129,0.3112500104308129,0.3112500104308129,0.9650000190734863,0.9650000190734863,0.9650000190734863,0.5716666865348816,0.5716666865348816,0.5716666865348816,0.49083334565162656,0.49083334565162656,0.49083334565162656,0.5179166841506958,0.5179166841506958,0.5179166841506958,0.52916668176651,0.52916668176651,0.52916668176651
1275,0.392500011920929,0.392500011920929,0.392500011920929,0.962500023841858,0.962500023841858,0.962500023841858,0.5770833468437195,0.5770833468437195,0.5770833468437195,0.5320833516120911,0.5320833516120911,0.5320833516120911,0.5579166758060455,0.5579166758060455,0.5579166758060455,0.5541666781902314,0.5541666781902314,0.5541666781902314
1300,0.3350000077486038,0.3350000077486038,0.3350000077486038,0.9633333516120911,0.9633333516120911,0.9633333516120911,0.5529166853427887,0.5529166853427887,0.5529166853427887,0.49125001549720765,0.49125001549720765,0.49125001549720765,0.5279166805744171,0.5279166805744171,0.5279166805744171,0.5183333480358123,0.5183333480358123,0.5183333480358123
1325,0.3225000107288361,0.3225000107288361,0.3225000107288361,0.9695833516120911,0.9695833516120911,0.9695833516120911,0.5516666793823242,0.5516666793823242,0.5516666793823242,0.47750001192092895,0.47750001192092895,0.47750001192092895,0.5266666877269744,0.5266666877269744,0.5266666877269744,0.49875001549720765,0.49875001549720765,0.49875001549720765
1350,0.3875000077486038,0.3875000077486038,0.3875000077486038,0.9662500214576721,0.9662500214576721,0.9662500214576721,0.5650000166893006,0.5650000166893006,0.5650000166893006,0.4629166805744171,0.4629166805744171,0.4629166805744171,0.5041666853427887,0.5041666853427887,0.5041666853427887,0.5195833444595337,0.5195833444595337,0.5195833444595337
1375,0.3104166734218597,0.3104166734218597,0.3104166734218597,0.9641666889190674,0.9641666889190674,0.9641666889190674,0.5416666865348816,0.5416666865348816,0.5416666865348816,0.5225000131130219,0.5225000131130219,0.5225000131130219,0.5233333492279053,0.5233333492279053,0.5233333492279053,0.5266666841506958,0.5266666841506958,0.5266666841506958
1400,0.3558333420753479,0.3558333420753479,0.3558333420753479,0.9625000190734864,0.9625000190734864,0.9625000190734864,0.53416668176651,0.53416668176651,0.53416668176651,0.46416667819023133,0.46416667819023133,0.46416667819023133,0.512500011920929,0.512500011920929,0.512500011920929,0.49750002145767214,0.49750002145767214,0.49750002145767214
1425,0.299166673719883,0.299166673719883,0.299166673719883,0.9625000214576721,0.9625000214576721,0.9625000214576721,0.5295833444595337,0.5295833444595337,0.5295833444595337,0.4533333432674408,0.4533333432674408,0.4533333432674408,0.4966666805744171,0.4966666805744171,0.4966666805744171,0.4729166781902313,0.4729166781902313,0.4729166781902313
1450,0.3887500143051147,0.3887500143051147,0.3887500143051147,0.9704166865348816,0.9704166865348816,0.9704166865348816,0.5520833539962768,0.5520833539962768,0.5520833539962768,0.46375000953674317,0.46375000953674317,0.46375000953674317,0.49208334684371946,0.49208334684371946,0.49208334684371946,0.49208334684371946,0.49208334684371946,0.49208334684371946
1475,0.3720833444595337,0.3720833444595337,0.3720833444595337,0.9591666793823242,0.9591666793823242,0.9591666793823242,0.5191666865348816,0.5191666865348816,0.5191666865348816,0.47916668176651,0.47916668176651,0.47916668176651,0.5029166853427887,0.5029166853427887,0.5029166853427887,0.5062500143051147,0.5062500143051147,0.5062500143051147
1500,0.4341666829586029,0.4341666829586029,0.4341666829586029,0.9683333563804627,0.9683333563804627,0.9683333563804627,0.5466666829586029,0.5466666829586029,0.5466666829586029,0.45250001549720764,0.45250001549720764,0.45250001549720764,0.4879166793823242,0.4879166793823242,0.4879166793823242,0.48250000953674316,0.48250000953674316,0.48250000953674316
1525,0.4020833456516266,0.4020833456516266,0.4020833456516266,0.9629166841506958,0.9629166841506958,0.9629166841506958,0.5375000166893006,0.5375000166893006,0.5375000166893006,0.4366666781902313,0.4366666781902313,0.4366666781902313,0.4708333504199982,0.4708333504199982,0.4708333504199982,0.4683333480358124,0.4683333480358124,0.4683333480358124
1550,0.3287500089406967,0.3287500089406967,0.3287500089406967,0.9666666889190674,0.9666666889190674,0.9666666889190674,0.5095833492279053,0.5095833492279053,0.5095833492279053,0.43750001192092897,0.43750001192092897,0.43750001192092897,0.4779166805744171,0.4779166805744171,0.4779166805744171,0.46583334922790526,0.46583334922790526,0.46583334922790526
1575,0.3533333420753479,0.3533333420753479,0.3533333420753479,0.9633333539962768,0.9633333539962768,0.9633333539962768,0.5008333444595336,0.5008333444595336,0.5008333444595336,0.45625001430511475,0.45625001430511475,0.45625001430511475,0.45125000953674316,0.45125000953674316,0.45125000953674316,0.45833334684371946,0.45833334684371946,0.45833334684371946
1600,0.3145833414793014,0.3145833414793014,0.3145833414793014,0.9608333563804626,0.9608333563804626,0.9608333563804626,0.5075000143051147,0.5075000143051147,0.5075000143051147,0.44708335161209106,0.44708335161209106,0.44708335161209106,0.4841666841506958,0.4841666841506958,0.4841666841506958,0.4804166758060455,0.4804166758060455,0.4804166758060455
1625,0.2550000050663948,0.2550000050663948,0.2550000050663948,0.9670833563804626,0.9670833563804626,0.9670833563804626,0.5000000154972076,0.5000000154972076,0.5000000154972076,0.4404166793823242,0.4404166793823242,0.4404166793823242,0.4579166781902313,0.4579166781902313,0.4579166781902313,0.4483333444595337,0.4483333444595337,0.4483333444595337
1650,0.2466666740179062,0.2466666740179062,0.2466666740179062,0.962083351612091,0.962083351612091,0.962083351612091,0.5245833456516266,0.5245833456516266,0.5245833456516266,0.4254166793823242,0.4254166793823242,0.4254166793823242,0.4416666758060455,0.4416666758060455,0.4416666758060455,0.4520833456516266,0.4520833456516266,0.4520833456516266
1675,0.2787500089406967,0.2787500089406967,0.2787500089406967,0.9725000190734864,0.9725000190734864,0.9725000190734864,0.5004166865348816,0.5004166865348816,0.5004166865348816,0.44500001430511477,0.44500001430511477,0.44500001430511477,0.4758333444595337,0.4758333444595337,0.4758333444595337,0.4708333456516266,0.4708333456516266,0.4708333456516266
1700,0.2841666755080223,0.2841666755080223,0.2841666755080223,0.9645833539962768,0.9645833539962768,0.9645833539962768,0.5079166817665101,0.5079166817665101,0.5079166817665101,0.4195833444595337,0.4195833444595337,0.4195833444595337,0.48250001668930054,0.48250001668930054,0.48250001668930054,0.46000001311302186,0.46000001311302186,0.46000001311302186
1725,0.2841666758060455,0.2841666758060455,0.2841666758060455,0.9600000143051147,0.9600000143051147,0.9600000143051147,0.50666668176651,0.50666668176651,0.50666668176651,0.45375001192092895,0.45375001192092895,0.45375001192092895,0.450000011920929,0.450000011920929,0.450000011920929,0.4629166781902313,0.4629166781902313,0.4629166781902313
1750,0.3141666758060455,0.3141666758060455,0.3141666758060455,0.9645833516120911,0.9645833516120911,0.9645833516120911,0.4779166841506958,0.4779166841506958,0.4779166841506958,0.4200000131130219,0.4200000131130219,0.4200000131130219,0.43666667699813844,0.43666667699813844,0.43666667699813844,0.4358333420753479,0.4358333420753479,0.4358333420753479
1775,0.2504166758060455,0.2504166758060455,0.2504166758060455,0.9683333563804627,0.9683333563804627,0.9683333563804627,0.47000001788139345,0.47000001788139345,0.47000001788139345,0.4045833420753479,0.4045833420753479,0.4045833420753479,0.4404166769981384,0.4404166769981384,0.4404166769981384,0.4558333444595337,0.4558333444595337,0.4558333444595337
1800,0.2816666758060455,0.2816666758060455,0.2816666758060455,0.9625000166893005,0.9625000166893005,0.9625000166893005,0.4691666829586029,0.4691666829586029,0.4691666829586029,0.3945833420753479,0.3945833420753479,0.3945833420753479,0.4325000154972076,0.4325000154972076,0.4325000154972076,0.4208333432674408,0.4208333432674408,0.4208333432674408
1825,0.2904166769981384,0.2904166769981384,0.2904166769981384,0.9670833539962769,0.9670833539962769,0.9670833539962769,0.4575000143051147,0.4575000143051147,0.4575000143051147,0.41000001430511473,0.41000001430511473,0.41000001430511473,0.4320833456516266,0.4320833456516266,0.4320833456516266,0.4354166805744171,0.4354166805744171,0.4354166805744171
1850,0.2487500098347664,0.2487500098347664,0.2487500098347664,0.9625000143051148,0.9625000143051148,0.9625000143051148,0.46083334445953367,0.46083334445953367,0.46083334445953367,0.4254166781902313,0.4254166781902313,0.4254166781902313,0.45333335041999817,0.45333335041999817,0.45333335041999817,0.4433333468437195,0.4433333468437195,0.4433333468437195
1875,0.263333340883255,0.263333340883255,0.263333340883255,0.9645833539962768,0.9645833539962768,0.9645833539962768,0.476250011920929,0.476250011920929,0.476250011920929,0.3937500131130218,0.3937500131130218,0.3937500131130218,0.42625001192092893,0.42625001192092893,0.42625001192092893,0.4283333396911621,0.4283333396911621,0.4283333396911621
1900,0.2745833402872085,0.2745833402872085,0.2745833402872085,0.9650000190734863,0.9650000190734863,0.9650000190734863,0.4783333444595337,0.4783333444595337,0.4783333444595337,0.40875000834465025,0.40875000834465025,0.40875000834465025,0.4383333432674408,0.4383333432674408,0.4383333432674408,0.42375001311302185,0.42375001311302185,0.42375001311302185
1925,0.2970833420753479,0.2970833420753479,0.2970833420753479,0.9625000214576721,0.9625000214576721,0.9625000214576721,0.4770833420753479,0.4770833420753479,0.4770833420753479,0.4308333444595337,0.4308333444595337,0.4308333444595337,0.43500001192092896,0.43500001192092896,0.43500001192092896,0.4341666781902313,0.4341666781902313,0.4341666781902313
1950,0.2779166761040688,0.2779166761040688,0.2779166761040688,0.9687500190734863,0.9687500190734863,0.9687500190734863,0.4654166805744171,0.4654166805744171,0.4654166805744171,0.4020833420753479,0.4020833420753479,0.4020833420753479,0.4354166793823242,0.4354166793823242,0.4354166793823242,0.4312500125169754,0.4312500125169754,0.4312500125169754
1975,0.2570833414793015,0.2570833414793015,0.2570833414793015,0.9679166865348816,0.9679166865348816,0.9679166865348816,0.45166667699813845,0.45166667699813845,0.45166667699813845,0.40333334445953367,0.40333334445953367,0.40333334445953367,0.42166667819023135,0.42166667819023135,0.42166667819023135,0.41416668057441713,0.41416668057441713,0.41416668057441713
2000,0.2312500065565109,0.2312500065565109,0.2312500065565109,0.9700000214576722,0.9700000214576722,0.9700000214576722,0.498333340883255,0.498333340883255,0.498333340883255,0.3979166758060455,0.3979166758060455,0.3979166758060455,0.4408333396911621,0.4408333396911621,0.4408333396911621,0.4237500095367432,0.4237500095367432,0.4237500095367432
2025,0.2291666728258133,0.2291666728258133,0.2291666728258133,0.9637500214576721,0.9637500214576721,0.9637500214576721,0.47375001668930056,0.47375001668930056,0.47375001668930056,0.3770833444595337,0.3770833444595337,0.3770833444595337,0.3916666781902313,0.3916666781902313,0.3916666781902313,0.3920833456516266,0.3920833456516266,0.3920833456516266
2050,0.2420833414793014,0.2420833414793014,0.2420833414793014,0.9662500238418579,0.9662500238418579,0.9662500238418579,0.4362500083446503,0.4362500083446503,0.4362500083446503,0.37125001192092894,0.37125001192092894,0.37125001192092894,0.3995833420753479,0.3995833420753479,0.3995833420753479,0.3925000095367432,0.3925000095367432,0.3925000095367432
2075,0.2558333402872086,0.2558333402872086,0.2558333402872086,0.9600000214576722,0.9600000214576722,0.9600000214576722,0.4616666793823242,0.4616666793823242,0.4616666793823242,0.3820833420753479,0.3820833420753479,0.3820833420753479,0.41750001192092895,0.41750001192092895,0.41750001192092895,0.3983333420753479,0.3983333420753479,0.3983333420753479
2100,0.2433333379030228,0.2433333379030228,0.2433333379030228,0.9645833516120911,0.9645833516120911,0.9645833516120911,0.48250001549720767,0.48250001549720767,0.48250001549720767,0.374166676402092,0.374166676402092,0.374166676402092,0.39666667580604553,0.39666667580604553,0.39666667580604553,0.39208334267139433,0.39208334267139433,0.39208334267139433
2125,0.263750005364418,0.263750005364418,0.263750005364418,0.9679166841506958,0.9679166841506958,0.9679166841506958,0.44375001311302187,0.44375001311302187,0.44375001311302187,0.3870833426713943,0.3870833426713943,0.3870833426713943,0.4250000107288361,0.4250000107288361,0.4250000107288361,0.40916667819023134,0.40916667819023134,0.40916667819023134
2150,0.2429166746139526,0.2429166746139526,0.2429166746139526,0.9645833539962768,0.9645833539962768,0.9645833539962768,0.4441666781902313,0.4441666781902313,0.4441666781902313,0.3841666758060455,0.3841666758060455,0.3841666758060455,0.39875001072883604,0.39875001072883604,0.39875001072883604,0.3966666752099991,0.3966666752099991,0.3966666752099991
2175,0.2312500065565109,0.2312500065565109,0.2312500065565109,0.9575000143051148,0.9575000143051148,0.9575000143051148,0.44416667699813844,0.44416667699813844,0.44416667699813844,0.3795833420753479,0.3795833420753479,0.3795833420753479,0.4116666793823242,0.4116666793823242,0.4116666793823242,0.3991666769981384,0.3991666769981384,0.3991666769981384
2200,0.2433333390951157,0.2433333390951157,0.2433333390951157,0.9612500166893005,0.9612500166893005,0.9612500166893005,0.43791667580604554,0.43791667580604554,0.43791667580604554,0.3829166769981384,0.3829166769981384,0.3829166769981384,0.4008333420753479,0.4008333420753479,0.4008333420753479,0.40500001192092894,0.40500001192092894,0.40500001192092894
2225,0.2408333414793015,0.2408333414793015,0.2408333414793015,0.9645833539962768,0.9645833539962768,0.9645833539962768,0.4483333420753479,0.4483333420753479,0.4483333420753479,0.3637500047683716,0.3637500047683716,0.3637500047683716,0.39166667699813845,0.39166667699813845,0.39166667699813845,0.3783333432674408,0.3783333432674408,0.3783333432674408
2250,0.2437500083446503,0.2437500083446503,0.2437500083446503,0.9658333492279053,0.9658333492279053,0.9658333492279053,0.4545833468437195,0.4545833468437195,0.4545833468437195,0.37791667580604554,0.37791667580604554,0.37791667580604554,0.41250001192092894,0.41250001192092894,0.41250001192092894,0.40791667699813844,0.40791667699813844,0.40791667699813844
2275,0.2570833414793015,0.2570833414793015,0.2570833414793015,0.9666666865348816,0.9666666865348816,0.9666666865348816,0.4495833444595337,0.4495833444595337,0.4495833444595337,0.3754166793823242,0.3754166793823242,0.3754166793823242,0.39916667580604553,0.39916667580604553,0.39916667580604553,0.387500011920929,0.387500011920929,0.387500011920929
2300,0.2508333420753479,0.2508333420753479,0.2508333420753479,0.9587500262260437,0.9587500262260437,0.9587500262260437,0.43291667580604554,0.43291667580604554,0.43291667580604554,0.37666667461395265,0.37666667461395265,0.37666667461395265,0.40000001192092893,0.40000001192092893,0.40000001192092893,0.3904166769981384,0.3904166769981384,0.3904166769981384
2325,0.2662500059604645,0.2662500059604645,0.2662500059604645,0.9666666889190674,0.9666666889190674,0.9666666889190674,0.4216666793823242,0.4216666793823242,0.4216666793823242,0.3720833432674408,0.3720833432674408,0.3720833432674408,0.40416667819023133,0.40416667819023133,0.40416667819023133,0.3908333432674408,0.3908333432674408,0.3908333432674408
2350,0.2362500086426735,0.2362500086426735,0.2362500086426735,0.9675000262260437,0.9675000262260437,0.9675000262260437,0.44125001430511473,0.44125001430511473,0.44125001430511473,0.3554166799783707,0.3554166799783707,0.3554166799783707,0.3841666781902313,0.3841666781902313,0.3841666781902313,0.3720833432674408,0.3720833432674408,0.3720833432674408
2375,0.2358333396911621,0.2358333396911621,0.2358333396911621,0.9675000166893005,0.9675000166893005,0.9675000166893005,0.45875001072883603,0.45875001072883603,0.45875001072883603,0.3795833426713944,0.3795833426713944,0.3795833426713944,0.407083340883255,0.407083340883255,0.407083340883255,0.39958334505558013,0.39958334505558013,0.39958334505558013
2400,0.2341666728258133,0.2341666728258133,0.2341666728258133,0.9679166889190673,0.9679166889190673,0.9679166889190673,0.4108333432674408,0.4108333432674408,0.4108333432674408,0.3850000101327896,0.3850000101327896,0.3850000101327896,0.3983333456516266,0.3983333456516266,0.3983333456516266,0.40416667819023133,0.40416667819023133,0.40416667819023133
2425,0.2570833390951157,0.2570833390951157,0.2570833390951157,0.9641666889190674,0.9641666889190674,0.9641666889190674,0.44000001311302184,0.44000001311302184,0.44000001311302184,0.3725000125169754,0.3725000125169754,0.3725000125169754,0.39791667699813843,0.39791667699813843,0.39791667699813843,0.39166667938232425,0.39166667938232425,0.39166667938232425
2450,0.2316666719317436,0.2316666719317436,0.2316666719317436,0.9612500166893005,0.9612500166893005,0.9612500166893005,0.44500001072883605,0.44500001072883605,0.44500001072883605,0.3366666740179062,0.3366666740179062,0.3366666740179062,0.369583340883255,0.369583340883255,0.369583340883255,0.36166667580604556,0.36166667580604556,0.36166667580604556
2475,0.2241666728258133,0.2241666728258133,0.2241666728258133,0.9666666841506958,0.9666666841506958,0.9666666841506958,0.421250011920929,0.421250011920929,0.421250011920929,0.3600000083446503,0.3600000083446503,0.3600000083446503,0.392500011920929,0.392500011920929,0.392500011920929,0.37416667699813844,0.37416667699813844,0.37416667699813844
2500,0.2412500071525574,0.2412500071525574,0.2412500071525574,0.9633333516120911,0.9633333516120911,0.9633333516120911,0.42750001192092896,0.42750001192092896,0.42750001192092896,0.3595833420753479,0.3595833420753479,0.3595833420753479,0.3729166769981384,0.3729166769981384,0.3729166769981384,0.37500001072883604,0.37500001072883604,0.37500001072883604
2525,0.2345833390951157,0.2345833390951157,0.2345833390951157,0.9666666865348816,0.9666666865348816,0.9666666865348816,0.43875000953674315,0.43875000953674315,0.43875000953674315,0.3795833396911621,0.3795833396911621,0.3795833396911621,0.40916668057441713,0.40916668057441713,0.40916668057441713,0.40500001311302186,0.40500001311302186,0.40500001311302186
2550,0.2379166752099991,0.2379166752099991,0.2379166752099991,0.9662500214576721,0.9662500214576721,0.9662500214576721,0.4291666793823242,0.4291666793823242,0.4291666793823242,0.36000001192092895,0.36000001192092895,0.36000001192092895,0.3912500131130219,0.3912500131130219,0.3912500131130219,0.37875001192092894,0.37875001192092894,0.37875001192092894
2575,0.2270833379030228,0.2270833379030228,0.2270833379030228,0.9662500190734863,0.9662500190734863,0.9662500190734863,0.42625001072883606,0.42625001072883606,0.42625001072883606,0.34125000894069674,0.34125000894069674,0.34125000894069674,0.36500000953674316,0.36500000953674316,0.36500000953674316,0.36250001192092896,0.36250001192092896,0.36250001192092896
2600,0.2254166734218598,0.2254166734218598,0.2254166734218598,0.9608333563804626,0.9608333563804626,0.9608333563804626,0.4304166746139526,0.4304166746139526,0.4304166746139526,0.3454166752099991,0.3454166752099991,0.3454166752099991,0.3670833432674408,0.3670833432674408,0.3670833432674408,0.3637500059604645,0.3637500059604645,0.3637500059604645
2625,0.2237500071525574,0.2237500071525574,0.2237500071525574,0.9570833587646485,0.9570833587646485,0.9570833587646485,0.41416667580604555,0.41416667580604555,0.41416667580604555,0.34625001072883604,0.34625001072883604,0.34625001072883604,0.37125000953674314,0.37125000953674314,0.37125000953674314,0.3729166769981384,0.3729166769981384,0.3729166769981384
2650,0.2525000077486038,0.2525000077486038,0.2525000077486038,0.9691666841506958,0.9691666841506958,0.9691666841506958,0.4400000095367432,0.4400000095367432,0.4400000095367432,0.35875001072883606,0.35875001072883606,0.35875001072883606,0.3875000095367432,0.3875000095367432,0.3875000095367432,0.3783333432674408,0.3783333432674408,0.3783333432674408
2675,0.2291666734218597,0.2291666734218597,0.2291666734218597,0.9708333539962769,0.9708333539962769,0.9708333539962769,0.41916667819023135,0.41916667819023135,0.41916667819023135,0.3545833444595337,0.3545833444595337,0.3545833444595337,0.3770833444595337,0.3770833444595337,0.3770833444595337,0.37000000834465024,0.37000000834465024,0.37000000834465024
2700,0.2379166746139526,0.2379166746139526,0.2379166746139526,0.9600000166893006,0.9600000166893006,0.9600000166893006,0.42125001072883606,0.42125001072883606,0.42125001072883606,0.3641666769981384,0.3641666769981384,0.3641666769981384,0.3904166793823242,0.3904166793823242,0.3904166793823242,0.3879166769981384,0.3879166769981384,0.3879166769981384
2725,0.2504166746139526,0.2504166746139526,0.2504166746139526,0.9612500190734863,0.9612500190734863,0.9612500190734863,0.4208333444595337,0.4208333444595337,0.4208333444595337,0.3608333444595337,0.3608333444595337,0.3608333444595337,0.38291667580604555,0.38291667580604555,0.38291667580604555,0.3766666775941849,0.3766666775941849,0.3766666775941849
2750,0.2320833402872086,0.2320833402872086,0.2320833402872086,0.9695833516120911,0.9695833516120911,0.9695833516120911,0.4229166805744171,0.4229166805744171,0.4229166805744171,0.37000000894069673,0.37000000894069673,0.37000000894069673,0.39375001192092896,0.39375001192092896,0.39375001192092896,0.38875000715255736,0.38875000715255736,0.38875000715255736
2775,0.2333333402872086,0.2333333402872086,0.2333333402872086,0.9604166865348815,0.9604166865348815,0.9604166865348815,0.43416667699813843,0.43416667699813843,0.43416667699813843,0.3708333420753479,0.3708333420753479,0.3708333420753479,0.3958333420753479,0.3958333420753479,0.3958333420753479,0.39000000834465026,0.39000000834465026,0.39000000834465026
2800,0.2450000083446503,0.2450000083446503,0.2450000083446503,0.9612500238418579,0.9612500238418579,0.9612500238418579,0.42166667819023135,0.42166667819023135,0.42166667819023135,0.35416667580604555,0.35416667580604555,0.35416667580604555,0.37375001072883607,0.37375001072883607,0.37375001072883607,0.36875001192092893,0.36875001192092893,0.36875001192092893
2825,0.2225000071525574,0.2225000071525574,0.2225000071525574,0.960833351612091,0.960833351612091,0.960833351612091,0.4291666793823242,0.4291666793823242,0.4291666793823242,0.33500000834465027,0.33500000834465027,0.33500000834465027,0.37375001192092894,0.37375001192092894,0.37375001192092894,0.3562500113248825,0.3562500113248825,0.3562500113248825
2850,0.2358333396911621,0.2358333396911621,0.2358333396911621,0.9670833468437194,0.9670833468437194,0.9670833468437194,0.42750000715255737,0.42750000715255737,0.42750000715255737,0.3466666752099991,0.3466666752099991,0.3466666752099991,0.3800000095367432,0.3800000095367432,0.3800000095367432,0.3683333444595337,0.3683333444595337,0.3683333444595337
2875,0.2245833396911621,0.2245833396911621,0.2245833396911621,0.9612500190734863,0.9612500190734863,0.9612500190734863,0.4466666781902313,0.4466666781902313,0.4466666781902313,0.3445833390951157,0.3445833390951157,0.3445833390951157,0.3608333432674408,0.3608333432674408,0.3608333432674408,0.36375001192092893,0.36375001192092893,0.36375001192092893
2900,0.2491666746139526,0.2491666746139526,0.2491666746139526,0.9662500214576721,0.9662500214576721,0.9662500214576721,0.40666667819023133,0.40666667819023133,0.40666667819023133,0.3500000089406967,0.3500000089406967,0.3500000089406967,0.37666667461395265,0.37666667461395265,0.37666667461395265,0.3675000113248825,0.3675000113248825,0.3675000113248825
2925,0.2183333373069763,0.2183333373069763,0.2183333373069763,0.9658333539962769,0.9658333539962769,0.9658333539962769,0.41875000834465026,0.41875000834465026,0.41875000834465026,0.330000011920929,0.330000011920929,0.330000011920929,0.3545833420753479,0.3545833420753479,0.3545833420753479,0.34791667461395265,0.34791667461395265,0.34791667461395265
2950,0.2375000083446503,0.2375000083446503,0.2375000083446503,0.9595833516120911,0.9595833516120911,0.9595833516120911,0.4087500095367432,0.4087500095367432,0.4087500095367432,0.36000000953674316,0.36000000953674316,0.36000000953674316,0.3895833444595337,0.3895833444595337,0.3895833444595337,0.3875000071525574,0.3875000071525574,0.3875000071525574
2975,0.2379166728258133,0.2379166728258133,0.2379166728258133,0.9666666865348816,0.9666666865348816,0.9666666865348816,0.4191666769981384,0.4191666769981384,0.4191666769981384,0.3575000107288361,0.3575000107288361,0.3575000107288361,0.3833333420753479,0.3833333420753479,0.3833333420753479,0.38000001192092897,0.38000001192092897,0.38000001192092897
3000,0.249583340883255,0.249583340883255,0.249583340883255,0.9683333539962768,0.9683333539962768,0.9683333539962768,0.41291667938232424,0.41291667938232424,0.41291667938232424,0.3475000107288361,0.3475000107288361,0.3475000107288361,0.3716666781902313,0.3716666781902313,0.3716666781902313,0.36625000834465027,0.36625000834465027,0.36625000834465027
